Product.Category,Product.Subcategory,Gender,LifeStage,Trend.Theme,Inspiration.Background,Length,Sleeve,Collar.Design,Neck.Design,Fit,Sample.Manufacturer,Production.Manufacturer,Colors
SET,SHORT SET,Man-Boy,Infant,BASIC LINE,CHILDRENSALON,SHORT LENGTH,SHORT SLEEVE,POLO COLLAR,ROUND NECK,REGULAR FIT,APPLE APPARELSS,APPLE APPARELSS,"ΓΚΡΙ_175,175,175"
BERMUDAS-SHORTS,SHORTS,Woman-Girl,0 to 5,BEACH & SPORT,PINTEREST,LONG,LONG SLEEVE,SHIRT COLLAR,COLLAR,CARGO,NULL,NULL,ΕΜΠΡΙΜΕ_
BLOUSES,BLOUSE POLO SHORT SLEEVE, ,1 to 5,BEACH AND SPORT,STYLE RIGHT,MEDIUM LENGTH,TURN UP SLEEVE,FLAT KNITTED RIB,TURTLENECK,RELAXED FIT,JESSE GARMENTS LTD,JESSE GARMENTS LTD,"ΛΕΥΚΟ_255,255,255"
TROUSERS,JEANS, ,1 to 16,COOL GUYS,SHUTTERSTOCK,KNEE LENGTH,SLEEVELESS,MAO COLLAR,HOODED,SLIM FIT,BEBESAN TEKS.SAV.VE DIS TIC.LTD.STI.,BEBESAN TEKS.SAV.VE DIS TIC.LTD.STI.,"ΜΠΛΕ ΤΖΗΝ_6,61,121"
ROMPER,INFANT ROMPER , ,6 to 16,FREE LIFE,PITTI IMAGINE,CAPRI,RAGLAN SLEEVE,STAND UP COLLAR,V NECK,CHINOS,XIAMEN MICROUNION IND.,MINIDUNYA TEKSTIL HAKNUR BEBE,"ΜΑΡΕΝ_021,021,053"
SHIRTS,SHIRT, , ,ALL SUMMER LONG,NEXT LOOK,3/4 LENGTH,CUP SLEEVE, ,OFF SHOULDER,BIKER,V2 KNITS,CASUAL CLOTHING,"ΛΕΥΚΟ_239,239,239,ΣΙΕΛ_0,155,230"
OUTDOOR CLOTHING OR COAT,JACKET, , ,SAIL AWAY,RETAIL SHOPS, ,3/4 FLARED , ,HALTERNECK, ,GDM WEAR LIMITED,LANDMARK KNITWEAR,"ΚΟΚΚΙΝΟ_242,011,046,ΛΕΥΚΟ_255,255,255,ΜΑΡΕΝ_021,021,053"
CARDIGAN,DUNGAREES, , ,IN ACTION, , ,FLARED, , , ,LANDMARK KNITWEAR,V2 KNITS,"ΙΝΤΙΓΚΟ_037,045,095,ΛΕΥΚΟ_255,255,255"
TRACKSUIT,T-SHIRT, , ,COΟL GUYS, , , , , , ,JIN SI XUAN IMP AND EXP COMPANY LTD,GDM WEAR LIMITED,ΡΙΓΕ _
DRESS,INFANTS, , ,SAILOR SPIRIT, ,,,,,,M/S VECTOR INDIA,JIN SI XUAN IMP AND EXP COMPANY LTD,"ΚΟΡΑΛΛΙ_235,040,048"
LEGGINGS,TROUSERS, , ,BEACH & SPORT , , , , , , ,OGGO EXPORTS,PRA V FASHIONS,"ΚΥΑΝΟ_002,154,192,ΛΕΥΚΟ_255,255,255"
SKIRT,JOGGERS, , ,WILD GIRL, , , , , , ,YZ TEKSTIL KON.SAN.TEC.LTD.STI,AINDHA  KNITWEARS,"ΝΕΟΝ ΠΟΡΤΟΚΑΛΙ_255,105,018"
SWIMMING SUITS,FLEECE CARDIGAN, , ,CHERRIES, , , , , , ,WEIHAI CELINE INTER TIO L CO,OGGO EXPORTS,"ΜΠΛΕ_28,28,255"
PYJAMAS,BERMUDA SHORTS, , ,ICE CREAM, , , , , , ,MINIDUNYA TEKSTIL HAKNUR BEBE,M/S VECTOR INDIA,"ΛΕΜΟΝΙ_243,226,073"
 ,BOMBER JACKET, , ,ICE CREAM , , , , , , ,"LUCNE GARMENTS CO.,LTD",YZ TEKSTIL KON.SAN.TEC.LTD.STI,"ΜΑΡΕΝ_0,0,125,ΜΠΕΖ_255,255,221"
 ,VEST CARDIGAN, , ,FLOWERS, , , , , , ,ISMAIL BASA TEKSTIL  KIS SAN VE TIC LTD,WEIHAI CELINE INTER TIO L CO,"ΡΟΥΑ_046,095,255"
 ,SWEATSHIRT, , ,BOHO SPIRIT, , , , , , ,CASUAL CLOTHING,ISMAIL BASA TEKSTIL  KIS SAN VE TIC LTD,"ΜΠΛΕ_010,010,172"
 ,BLOUSE SHORT SLEEVE, , ,FRENCH RIVIERA, , , , , , ,GLADIOLUS FASHION WEAR LTD,GLADIOLUS FASHION WEAR LTD,"ΤΥΡΚΟΥΑΖ_000,225,246"
 ,SLEEVELESS JACKET, , ,BOHO DREAM, , , , , , ,AINDHA  KNITWEARS,LACHMI S INT LTD,"ΜΕΛΑΝΖΕ_207,207,207"
 ,SET, , ,CALIFORNIA DREAMING, , , , , , ,LAKSHARA GARMENTS,LAKIDS GIYIM SAN.VE TIC.,"ΝΕΟΝ ΛΑΧΑΝΙ_224,253,076"
 ,JOGGERS FROM TRACKSUIT, , ,WATERMELON, , , , , , ,LACHMI S INT LTD,SAGA INDUSTRIAL LIMITED,"ΚΟΚΚΙΝΟ_242,011,046,ΜΑΡΕΝ_021,021,053,ΜΕΛΑΝΖΕ_207,207,207"
 ,TRACKSUITS , , ,PRAIRIE DAYS, , , , , , ,SIMEX SOURCING LIMITED,ΒΑΤΑΝΣΕΒΕΡ ΑΙΝΟΥΡ & ΣΙΑ ΟΕ,"ΛΕΥΚΟ_255,255,255,ΜΑΡΕΝ_021,021,053,ΜΑΥΡΟ_000,000,000"
 ,BLOUSE LONG SLEEVE, , ,FRENCH RIVIERA , , , , , , ,INDIGO BYING SERVICES LTD,OZGU MODA TEKSTIL SAN VE TIC LTD STI,"ΚΟΚΚΙΝΟ_242,011,046,ΜΑΡΕΝ_021,021,053,ΜΠΕΖ_189,174,136"
 ,CARDIGAN, , ,#SELFIE, , , , , , ,AKBEYAZ TEKSTIL KONF.SAN.TIC.LTD.STI.,MELCAN GROUP,"ΚΙΤΡΙΝΟ_255,239,005,ΚΟΚΚΙΝΟ_242,011,046,ΛΕΥΚΟ_255,255,255,ΜΑΡΕΝ_021,021,053"
 ,DRESS, , ,BOHO DREAM , , , , , , ,PRA V FASHIONS,"JIAXING LA LORI FASHION CO.,LTD","ΕΚΡΟΥ_255,255,244"
 ,LEGGINGS, , ,DAY DREAMER, , , , , , ,LAKIDS GIYIM SAN.VE TIC.,MAVERA (LOVETTI)TEKSTIL KUY. GIDA(LOVETTI),"ΛΕΥΚΟ_255,255,255,ΜΑΡΕΝ_021,021,053"
 ,LEGGINGS SET, , ,BE LOVED, , , , , , ,SAGA INDUSTRIAL LIMITED,CICEK TEKSTIL VE KONF.URUNLERI LTD,"ΡΟΥΑ_046.095,255"
 ,TOP, , ,FASHION-CHIC, , , , , , ,SHISHI XIAOGALA DRESS AND WEAVING CO LTD,KVS TEKSTIL LTD STI,"ΚΟΚΚΙΝΟ_242,011,046"
 ,BOLERO, , ,PROMOTION , , , , , , ,ΒΑΤΑΝΣΕΒΕΡ ΑΙΝΟΥΡ & ΣΙΑ ΟΕ,XIAMEN MICROUNION IND.,"ΣΙΕΛ_123,181,255"
 ,SKIRT SET, , ,PROMOTION, , , , , , ,FANGLE EXPORT,FANGLE EXPORT,"ΜΠΛΕ_010,010,172,ΧΑΚΙ_102,113,087"
 ,SKIRT, , ,SPORT LINE, , , , , , ,WPS SRL,EMF TEKSTIL KONFEKSIYON SAN VE TIC ANONIM SIRKETI,"ΜΑΡΕΝ_021,021,053,ΜΠΛΕ_010,010,172"
 ,TROUSERS SET, , ,SWIMMY , , , , , , ,OZGU MODA TEKSTIL SAN VE TIC LTD STI,A.H.ATALAY TEKSTIL KONFEKSIYON SA Y LTD STL,ΚΑΡΡΩ_
 ,CULOTTES, , ,SWEET DREAMS, , , , , , ,HANGHOU LI N HUARUI CLOTHING CO LTD,GAMZELIM  KIDSWEAR,"ΑΝΘΡΑΚΙ_111,111,111,ΣΚΟΥΡΟ ΜΠΛΕ_0,0,140"
 ,PLAYSUIT, , ,SWEET  DREAMS, , , , , , ,AMMIR BABY UNO SRL,,"ΛΕΥΚΟ_255,255,255,ΜΕΛΑΝΖΕ_207,207,207,ΤΥΡΚΟΥΑΖ_000,225,246"
 ,BLOUSE SWEATER, , ,SWIMMY, , , , , , ,MELCAN GROUP, ,"ΛΕΥΚΟ_255,255,255,ΡΟΔΑΚΙΝΙ_255,138,087"
 ,TRENCHCOAT, , ,BOUTIQUE, , , , , , ,"JIAXING LA LORI FASHION CO.,LTD", ,"ΛΑΙΜ_153,255,51,ΛΕΥΚΟ_255,255,255,ΜΕΛΑΝΖΕ_207,207,207,ΤΥΡΚΟΥΑΖ_000,225,246"
 ,BLOUSE, , ,BOUTIQUE, , , , , , ,XIAMEN KINGLAND CO LTD (C& D), ,"ΑΝΘΡΑΚΙ_039,039,039,ΜΑΡΕΝ_021,021,021,ΜΑΥΡΟ_000,000,000,ΜΠΛΕ_010,010,172"
 ,SLEEVELESS BLOUSE, , , , , , , , , ,MAVERA (LOVETTI)TEKSTIL KUY. GIDA(LOVETTI), ,"ΜΑΡΕΝ_0,0,125"
 ,JUMPSUIT, , , , , , , , , ,CICEK TEKSTIL VE KONF.URUNLERI LTD, ,"ΜΑΡΕΝ_021,021,053,ΜΠΕΖ_189,174,136"
 ,TUNIC, , , , , , , , , ,KVS TEKSTIL LTD STI, ,"ΓΚΡΙ_175,175,175,ΜΠΛΕ_021,021,053"
 ,SWIMMING SUIT BERMUDA, , , , , , , , , ,FRANCA BABY SRL, ,"ΑΝΘΡΑΚΙ_039,039,039,ΒΑΤΟΜΟΥΡΟ_164,036,045,ΚΟΚΚΙΝΟ_242,011,046,ΛΕΥΚΟ_255,255,255,ΜΑΡΕΝ_021,021,053,ΠΡΑΣΙΝΟ_000,113,054,ΡΟΥΑ_046,095,255,ΣΚΟΥΡΟ ΜΠΛΕ_037,045,095,ΧΑΚΙ_102,113,087"
 ,PYJAMAS, , , , , , , , , ,KND ASSOCIATES , ,"ΜΕΝΤΑ_023,191,157,ΡΟΥΑ_046,095,255,ΣΚΟΥΡΟ ΜΠΛΕ_037,045,095"
 ,SWIMMING SUIT, , , , , , , , , ,COCONUDI  PRINCIPITO LIZZI SRL, ,"ΚΟΚΚΙΝΟ_242,011,046,ΛΕΥΚΟ_255,255,255,ΜΠΛΕ_010,010,172"
 ,SWIMMY SET, , , , , , , , , ,EMF TEKSTIL KONFEKSIYON SAN VE TIC ANONIM SIRKETI, ,"ΚΟΚΚΙΝΟ_242,011,046,ΜΑΡΕΝ_021,021,053"
 ,BEACH SHORTS , , , , , , , , , ,A.H.ATALAY TEKSTIL KONFEKSIYON SA Y LTD STL, ,"ΜΠΛΕ_037,045,095"
 ,SWIMMY BLOUSE, , , , , , , , , ,GAMZELIM  KIDSWEAR, ,"ΜΑΥΡΟ_000,000,000,ΣΚΟΥΡΟ ΜΠΛΕ_037,045,095"
 ,SWIMSUIT, , , , , , , , , , , ,"ΑΝΘΡΑΚΙ_039,039,039,ΣΚΟΥΡΟ ΜΠΛΕ_037,045,095,ΦΥΣΤΙΚΙ_084,233,198,ΧΑΚΙ_102,113,087"
 ,BIKINI, , , , , , , , , , , ,"ΑΝΘΡΑΚΙ_111,111,111"
 ,MONOKINI, , , , , , , , , , , ,"ΒΑΤΟΜΟΥΡΟ_164,036,045,ΜΑΡΕΝ_021,021,053,ΠΡΑΣΙΝΟ_000,113,054,ΧΡΥΣΟ_255,144,046"
 ,BLAZER, , , , , , , , , , , ,"ΚΟΚΚΙΝΟ_242,011,046,ΛΕΥΚΟ_255,255,255,ΜΑΡΕΝ_021,021,053,ΜΑΥΡΟ_000,000,000,ΡΟΥΑ_046,095,255"
 ,VEST, , , , , , , , , , , ,"ΑΝΘΡΑΚΙ_039,039,039"
 ,CARDIGAN SWEATER, , , , , , , , , , , ,"ΜΠΛΕ_010,010,172,ΝΕΟΝ ΠΟΡΤΟΚΑΛΙ_255,105,018"
 ,, , , , , , , , , , , ,"ΓΑΛΑΖΙΟ_123,181,255"
,,,,,,,,,,,,,"ΕΚΡΟΥ_255,253,242"
,,,,,,,,,,,,,"ΜΑΥΡΟ_000,000,000,ΜΠΛΕ_021,021,053"
,,,,,,,,,,,,,"ΛΕΥΚΟ_255,255,255,ΜΑΥΡΟ_000,000,000"
,,,,,,,,,,,,,"ΜΕΛΑΝΖΕ_207,207,207,ΜΠΛΕ_021,021,053"
,,,,,,,,,,,,,"ΛΕΥΚΟ_255,255,255,ΜΠΛΕ_010,010,172"
,,,,,,,,,,,,,"ΑΝΘΡΑΚΙ_039,039,039,ΣΚΟΥΡΟ ΜΠΛΕ_037,045,095,ΧΑΚΙ_102,113,087"
,,,,,,,,,,,,,"ΝΕΟΝ ΠΟΡΤΟΚΑΛΙ_255,105,018,ΠΡΑΣΙΝΟ_000,179,087,ΤΥΡΚΟΥΑΖ_000,225,246"
,,,,,,,,,,,,,"ΚΟΚΚΙΝΟ_242,011,046,ΛΕΥΚΟ_255,255,255"
,,,,,,,,,,,,,"ΜΑΡΕΝ_021,021,053,ΣΚΟΥΡΟ ΜΠΛΕ_037,045,095"
,,,,,,,,,,,,,ΠΑΡΑΛΛΑΓΗ (ARMY)_
,,,,,,,,,,,,,"ΣΚΟΥΡΟ ΜΠΛΕ_037,045,095"
,,,,,,,,,,,,,"ΛΕΥΚΟ_239,239,239"
,,,,,,,,,,,,,"ΜΑΥΡΟ_000,000,000"
,,,,,,,,,,,,,"ΜΠΛΕ_010,010,172,ΜΠΟΡΝΤΩ_131,027,043"
,,,,,,,,,,,,,"ΛΕΥΚΟ_255,255,255,ΜΕΝΤΑ_023,191,157"
,,,,,,,,,,,,,"ΣΚΟΥΡΟ ΜΠΛΕ_037,045,095,ΧΑΚΙ_102,113,087"
,,,,,,,,,,,,,"ΛΕΥΚΟ_255,255,255,ΠΟΡΤΟΚΑΛΙ_255,105,018"
,,,,,,,,,,,,,"ΑΝ.ΜΠΛΕ_123,181,255,ΛΕΥΚΟ_255,255,255"
,,,,,,,,,,,,,"ΜΠΛΕ_010,010,172,ΣΚΟΥΡΟ ΜΠΛΕ_037,045,095"
,,,,,,,,,,,,,"ΚΟΡΑΛΛΙ_235,040,048,ΜΕΝΤΑ_023,191,157"
,,,,,,,,,,,,,"ΚΟΚΚΙΝΟ_242,011,046,ΜΠΛΕ_010,010,172"
,,,,,,,,,,,,,"ΑΝΘΡΑΚΙ_039,039,039,ΜΑΡΕΝ_021,021,053"
,,,,,,,,,,,,,"ΜΕΛΑΝΖΕ_207,207,207,ΜΠΛΕ_010,010,172"
,,,,,,,,,,,,,"ΡΟΥΑ_046,095,255,ΣΚΟΥΡΟ ΜΠΛΕ_037,045,095"
,,,,,,,,,,,,,"ΛΕΥΚΟ_255,255,255,ΤΥΡΚΟΥΑΖ_000,225,246"
,,,,,,,,,,,,,"ΚΟΚΚΙΝΟ_242,011,046,ΤΥΡΚΟΥΑΖ_000,225,246"
,,,,,,,,,,,,,"ΒΕΡΥΚΟΚΚΙ_255,138,087,ΝΕΟΝ ΛΑΧΑΝΙ_224,253,076"
,,,,,,,,,,,,,"ΜΑΡΕΝ_021,021,053,ΜΕΛΑΝΖΕ_207,207,207"
,,,,,,,,,,,,,"ΣΚΟΥΡΟ ΜΠΛΕ_0,0,140"
,,,,,,,,,,,,,"ΚΟΚΚΙΝΟ_255,0,0,ΡΟΥΑ_0,103,206"
,,,,,,,,,,,,,"ΛΕΥΚΟ_239,239,239,ΜΕΛΑΝΖΕ_207,207,207"
,,,,,,,,,,,,,"ΜΑΥΡΟ ΤΖΗΝ_47,47,47,ΜΠΛΕ ΤΖΗΝ_6,61,121"
,,,,,,,,,,,,,"ΑΝΘΡΑΚΙ_039,039,039,ΣΚΟΥΡΟ ΜΠΛΕ_037,045,095"
,,,,,,,,,,,,,"ΡΙΓΕ _021,021,053"
,,,,,,,,,,,,,"ΛΕΥΚΟ_255,255,255,ΡΟΔΑΚΙΝΙ_246,134,128"
,,,,,,,,,,,,,"ΒΑΤΟΜΟΥΡΟ_164,036,045,ΜΑΡΕΝ_021,021,053,ΜΠΕΖ_189,174,136"
,,,,,,,,,,,,,"ΒΑΤΟΜΟΥΡΟ_164,036,045,ΜΕΛΑΝΖΕ_207,207,207,ΣΚΟΥΡΟ ΜΠΛΕ_037,045,095,ΧΑΚΙ_102,113,087"
,,,,,,,,,,,,,"ΓΚΡΙ_175,175,175,ΜΠΛΕ_28,28,255"
,,,,,,,,,,,,,"ΜΑΥΡΟ_000,000,000,ΜΠΛΕ_037,045,095,ΠΡΑΣΙΝΟ_000,113,054,ΡΟΥΑ_046,095,255,ΧΑΚΙ_102,113,087"
,,,,,,,,,,,,,"ΜΕΛΑΝΖΕ_207,207,207,ΠΡΑΣΙΝΟ_000,179,087,ΤΥΡΚΟΥΑΖ_000,225,246"
,,,,,,,,,,,,,"ΑΝΘΡΑΚΙ_039,039,039,ΜΑΥΡΟ_000,000,000"
,,,,,,,,,,,,,"ΛΑΙΜ_153,255,51,ΛΕΥΚΟ_239,239,239,ΤΥΡΚΟΥΑΖ_0,213,213"
,,,,,,,,,,,,,"ΛΑΙΜ_209,245,084,ΛΕΥΚΟ_255,255,255,ΤΥΡΚΟΥΑΖ_000,225,246"
,,,,,,,,,,,,,"ΛΑΧΑΝΙ_209,245,084,ΛΕΥΚΟ_255,255,255,ΜΕΛΑΝΖΕ_207,207,207"
,,,,,,,,,,,,,"ΚΙΤΡΙΝΟ_021,021,053,ΜΑΥΡΟ_000,000,000"
,,,,,,,,,,,,,"ΜΕΛΑΝΖΕ_207,207,207,ΡΑΦ_107,142,195,ΤΥΡΚΟΥΑΖ_000,225,246"
,,,,,,,,,,,,,"ΜΑΡΕΝ_021,021,053,ΜΑΥΡΟ_000,000,000"
,,,,,,,,,,,,,"ΜΑΡΕΝ_021,021,053,ΜΑΥΡΟ_000,000,000,ΜΕΛΑΝΖΕ_207,207,207"
,,,,,,,,,,,,,"ΛΕΥΚΟ_255,255,255,ΜΕΛΑΝΖΕ_207,207,207,ΜΠΛΕ_010,010,172"
,,,,,,,,,,,,,"ΛΕΥΚΟ_255,255,255,ΜΕΝΤΑ_023,191,157,ΜΠΛΕ_010,010,172"
,,,,,,,,,,,,,"ΜΑΡΕΝ_021,021,021,ΜΑΥΡΟ_000,000,000"
,,,,,,,,,,,,,"ΕΜΠΡΙΜΕ_255,255,255"
,,,,,,,,,,,,,"ΒΑΤΟΜΟΥΡΟ_164,036,045,ΣΚΟΥΡΟ ΜΠΛΕ_010,010,172"
,,,,,,,,,,,,,"ΚΟΚΚΙΝΟ_242,011,046,ΜΠΛΕ_010,010,172,ΣΜΑΡΑΓΔΙ_000,113,054"
,,,,,,,,,,,,,"ΜΑΡΕΝ_021,021,021,ΜΕΛΑΝΖΕ_207,207,207"
,,,,,,,,,,,,,"ΜΠΛΕ_046,095,255"
,,,,,,,,,,,,,"ΑΝΘΡΑΚΙ_039,039,039,ΜΠΛΕ_037,045,095"
,,,,,,,,,,,,,"ΜΠΕΖ_189,174,136,ΡΟΥΑ_046,095,255,ΣΚΟΥΡΟ ΜΠΛΕ_037,045,095,ΦΥΣΤΙΚΙ_084,233,198,ΧΑΚΙ_102,113,087"
,,,,,,,,,,,,,"ΕΜΠΡΙΜΕ_037,045,095"
,,,,,,,,,,,,,"ΕΚΡΟΥ_189,174,136"
,,,,,,,,,,,,,"ΜΠΛΕ_107,142,195"
,,,,,,,,,,,,,"ΜΑΥΡΟ_000,000,000,ΜΠΛΕ_010,010,172"
,,,,,,,,,,,,,"ΒΑΤΟΜΟΥΡΟ_164,036,045,ΜΑΡΕΝ_021,021,053,ΜΑΥΡΟ_000,000,000,ΜΕΛΑΝΖΕ_207,207,207,ΜΠΛΕ_010,010,172,ΠΡΑΣΙΝΟ_000,113,054"
,,,,,,,,,,,,,"ΠΡΑΣΙΝΟ_084,233,198"
,,,,,,,,,,,,,"ΑΝΘΡΑΚΙ_039,039,039,ΧΑΚΙ_102,113,087"
,,,,,,,,,,,,,"ΜΕΛΑΝΖΕ_207,207,207,ΠΟΡΤΟΚΑΛΙ_255,105,018"
,,,,,,,,,,,,,"ΣΚΟΥΡΟ ΜΕΛΑΝΖΕ_039,039,039,ΣΚΟΥΡΟ ΜΠΛΕ_037,045.095"
,,,,,,,,,,,,,"ΛΕΥΚΟ_255,255,255,ΧΑΚΙ_102,113,087"
,,,,,,,,,,,,,"ΚΟΚΚΙΝΟ_242,011,046,ΜΕΛΑΝΖΕ_207,207,207"
,,,,,,,,,,,,,"ΣΚΟΥΡΟ ΜΕΛΑΝΖΕ_175,175,175"
,,,,,,,,,,,,,"ΑΝΘΡΑΚΙ_039,039,039,ΒΑΤΟΜΟΥΡΟ_164,036,045,ΛΕΥΚΟ_255,255,255,ΜΑΡΕΝ_021,021,053,ΜΕΛΑΝΖΕ_207,207,207,ΡΑΦ_107,142,195"
,,,,,,,,,,,,,"ΛΕΥΚΟ_255,255,255,ΜΑΡΕΝ_021,021,053,ΜΑΥΡΟ_000,000,000,ΜΕΛΑΝΖΕ_207,207,207,ΜΠΛΕ_010,010,172"
,,,,,,,,,,,,,"ΜΑΡΕΝ_021,021,053,ΜΑΥΡΟ_000,000,000,ΜΕΛΑΝΖΕ_"
,,,,,,,,,,,,,"ΜΑΡΕΝ_021,021,053,ΜΑΥΡΟ_000,000,000,ΜΕΛΑΝΖΕ_,ΜΠΛΕ_010,010,172"
,,,,,,,,,,,,,"ΚΟΚΚΙΝΟ_242,011,046,ΛΕΥΚΟ_255,255,255,ΜΑΡΕΝ_021,021,053,ΜΕΛΑΝΖΕ_"
,,,,,,,,,,,,,"ΜΠΛΕ_010,010,172,ΠΡΑΣΙΝΟ_000,179,087"
,,,,,,,,,,,,,"ΕΚΡΟΥ_255,255,244,ΜΕΛΑΝΖΕ_207,207,207"
,,,,,,,,,,,,,"ΚΟΚΚΙΝΟ_242,011,046,ΜΠΛΕ_107,142,195"
,,,,,,,,,,,,,"ΜΑΥΡΟ_000,000,000,ΜΠΛΕ_037,045,095"
,,,,,,,,,,,,,"ΒΕΡΥΚΟΚΚΙ_255,138,087,ΡΟΥΑ_046,095,255"
,,,,,,,,,,,,,"ΒΕΡΥΚΟΚΚΙ_255,138,087,ΛΕΥΚΟ_255,255,255"
,,,,,,,,,,,,,"ΜΑΡΕΝ_0,0,125,ΜΕΛΑΝΖΕ_207,207,207"
,,,,,,,,,,,,,"ΚΟΚΚΙΝΟ_242,011,046,ΡΟΥΑ_046,095,255"
,,,,,,,,,,,,,"ΙΝΤΙΓΚΟ_107,142,195,ΛΕΥΚΟ_255,255,255"
,,,,,,,,,,,,,"ΜΕΛΑΝΖΕ_207,207,207,ΣΚΟΥΡΟ ΜΠΛΕ_037,045,095"
,,,,,,,,,,,,,"ΜΠΛΕ_010,010,172,ΣΚΟΥΡΟ ΜΕΛΑΝΖΕ_175,175,175"
,,,,,,,,,,,,,"ΚΑΡΟΤΙ_248,058,000,ΣΙΕΛ_123,181,255"
,,,,,,,,,,,,,"ΜΠΛΕ_28,28,255,ΣΚΟΥΡΟ ΜΕΛΑΝΖΕ_175,175,175"
,,,,,,,,,,,,,"ΜΠΛΕ_037,045,095,ΣΚΟΥΡΟ ΜΕΛΑΝΖΕ_175,175,175"
,,,,,,,,,,,,,"ΕΚΡΟΥ_255,255,255"
,,,,,,,,,,,,,"ΛΕΥΚΟ_255,255,255,ΜΕΛΑΝΖΕ_207,207,207"
,,,,,,,,,,,,,"ΠΡΑΣΙΝΟ_000,113,054"
,,,,,,,,,,,,,"ΕΚΡΟΥ_255,255,244,ΛΕΥΚΟ_255,255,255,ΜΠΛΕ_010,010,172,ΠΟΡΤΟΚΑΛΙ_255,105,018"
,,,,,,,,,,,,,"ΜΠΛΕ_021,021,053,ΣΚΟΥΡΟ ΜΕΛΑΝΖΕ_039,039,039"
,,,,,,,,,,,,,"ΜΑΡΕΝ_021,021,053,ΜΑΥΡΟ_000,000,000,ΣΚΟΥΡΟ ΜΠΛΕ_037,045,095"
,,,,,,,,,,,,,"ΚΟΚΚΙΝΟ_242,011,046,ΛΕΥΚΟ_555,555,555,ΣΙΕΛ_123,181,255"
,,,,,,,,,,,,,"ΡΟΖ_251,232,228"
,,,,,,,,,,,,,"ΦΡΑΟΥΛΑ_255,102,215"
,,,,,,,,,,,,,"ΦΟΥΞ_255,038,147"
,,,,,,,,,,,,,ΠΟΥΑ_
,,,,,,,,,,,,,"ΝΕΟΝ ΡΟΔΑΚΙΝΙ_255,172,143"
,,,,,,,,,,,,,"ΚΟΚΚΙΝΟ_255,0,0,ΚΟΥΦΕΤΙ_255,196,225,ΛΕΜΟΝΙ_255,255,89,ΛΕΥΚΟ_239,239,239,ΜΑΡΕΝ_0,0,125,ΦΡΑΟΥΛΑ_255,51,51"
,,,,,,,,,,,,,"ΚΟΡΑΛΛΙ_251,232,228"
,,,,,,,,,,,,,"ΚΟΥΦΕΤΙ_255,174,221"
,,,,,,,,,,,,,"ΕΜΠΡΙΜΕ_251,232,228"
,,,,,,,,,,,,,"ΜΑΡΕΝ_021,021,053,ΡΟΖ_255,174,221"
,,,,,,,,,,,,,"ΛΕΥΚΟ_255,255,255,ΡΟΖ_255,174,221"
,,,,,,,,,,,,,ΦΛΟΡΑΛ_
,,,,,,,,,,,,,"ΦΥΣΤΙΚΙ_084,233,198"
,,,,,,,,,,,,,"ΚΟΥΦΕΤΙ_255,174,221,ΛΕΥΚΟ_255,255,255,ΜΑΡΕΝ_021,021,053"
,,,,,,,,,,,,,"ΚΟΡΑΛΛΙ_253,038,074,ΚΟΥΦΕΤΙ_255,174,221,ΛΕΜΟΝΙ_243,226,073"
,,,,,,,,,,,,,"ΡΟΖ_255,174,221"
,,,,,,,,,,,,,"ΚΟΚΚΙΝΟ_242,011,046,ΛΕΥΚΟ_255,255,255,ΜΑΡΕΝ_021,021,053,ΜΕΛΑΝΖΕ_207,207,207,ΦΟΥΞ_255,038,147"
,,,,,,,,,,,,,"ΒΕΡΑΜΑΝ_125,246,206,ΚΟΥΦΕΤΙ_255,174,221"
,,,,,,,,,,,,,"ΚΟΥΦΕΤΙ_255,174,221,ΛΕΥΚΟ_255,255,255"
,,,,,,,,,,,,,"ΛΕΥΚΟ_255,255,255,ΡΟΖ_251,232,228"
,,,,,,,,,,,,,"ΜΕΝΤΑ_023,191,157,ΡΟΖ_251,232,228"
,,,,,,,,,,,,,"ΦΟΥΞ_253,038,074"
,,,,,,,,,,,,,"ΛΕΥΚΟ_255,255,255,ΜΑΡΕΝ_021,021,053,ΡΟΖ_251,232,228"
,,,,,,,,,,,,,"ΛΕΜΟΝΙ_243,226,073,ΛΕΥΚΟ_255,255,255,ΡΟΖ_251,232,228"
,,,,,,,,,,,,,"ΣΟΜΟΝ_246,134,128,ΦΥΣΤΙΚΙ_084,233,198"
,,,,,,,,,,,,,"ΛΕΜΟΝΙ_243,226,073,ΛΕΥΚΟ_255,255,255"
,,,,,,,,,,,,,"ΡΟΖ_255,174,221,ΣΟΜΟΝ_246,134,128"
,,,,,,,,,,,,,"ΒΕΡΑΜΑΝ_125,246,206,ΛΕΥΚΟ_255,255,255,ΜΑΡΕΝ_021,021,053,ΡΟΖ_251,232,228"
,,,,,,,,,,,,,"ΜΕΝΤΑ_023,191,157"
,,,,,,,,,,,,,"ΛΕΜΟΝΙ_243,226,073,ΡΟΖ_251,232,228"
,,,,,,,,,,,,,"ΡΟΖ_251,232,228,ΣΟΜΟΝ_246,134,128"
,,,,,,,,,,,,,"ΒΕΡΑΜΑΝ_0,206,206,ΡΟΖ_255,128,192,ΦΟΥΞ_249,0,249"
,,,,,,,,,,,,,"ΚΟΚΚΙΝΟ_242,011,046,ΛΕΜΟΝΙ_243,226,073,ΜΑΡΕΝ_021,021,053"
,,,,,,,,,,,,,"ΛΕΥΚΟ_255,255,255,ΝΕΟΝ ΡΟΔΑΚΙΝΙ_255,172,143"
,,,,,,,,,,,,,"ΛΕΥΚΟ_255,255,255,ΝΕΟΝ ΡΟΔΑΚΙΝΙ_255,172,143,ΣΚΟΥΡΟ ΜΠΛΕ_037,045,095"
,,,,,,,,,,,,,"ΚΟΥΦΕΤΙ_255,174,221,ΛΕΜΟΝΙ_243,226,073,ΦΥΣΤΙΚΙ_084,233,198"
,,,,,,,,,,,,,"ΕΜΠΡΙΜΕ_010,010,172"
,,,,,,,,,,,,,"ΑΝ.ΜΠΛΕ_53,154,255"
,,,,,,,,,,,,,"ΜΑΡΕΝ_021,021,053,ΦΡΑΟΥΛΑ_255,102,215"
,,,,,,,,,,,,,"ΛΕΜΟΝΙ_243,226,073,ΛΕΥΚΟ_255,255,255,ΡΟΖ_251,232,228,ΣΚΟΥΡΟ ΜΠΛΕ_037,045,095"
,,,,,,,,,,,,,"ΒΕΡΑΜΑΝ_125,246,206,ΒΕΡΥΚΟΚΚΙ_255,138,087,ΚΟΚΚΙΝΟ_242,011,046,ΚΟΥΦΕΤΙ_255,174,221,ΛΕΜΟΝΙ_243,226,073,ΛΕΥΚΟ_255,255,255,ΣΚΟΥΡΟ ΜΠΛΕ_037,045,095"
,,,,,,,,,,,,,"ΚΟΚΚΙΝΟ_242,011,046,ΜΑΡΕΝ_021,021,053,ΣΟΜΟΝ_246,134,128"
,,,,,,,,,,,,,"ΒΕΡΑΜΑΝ_125,246,206,ΚΟΥΦΕΤΙ_255,174,221,ΛΕΜΟΝΙ_243,226,073,ΣΟΜΟΝ_246,134,128"
,,,,,,,,,,,,,"ΒΕΡΑΜΑΝ_125,246,206,ΚΟΥΦΕΤΙ_255,174,221,ΛΕΜΟΝΙ_243,226,073,ΛΕΥΚΟ_255,255,255,ΝΕΟΝ ΡΟΔΑΚΙΝΙ_255,172,143"
,,,,,,,,,,,,,"ΒΕΡΥΚΟΚΚΙ_255,138,087,ΛΕΥΚΟ_255,255,255,ΝΕΟΝ ΡΟΖ_251,232,228"
,,,,,,,,,,,,,"ΒΕΡΑΜΑΝ_125,246,206,ΛΕΜΟΝΙ_243,226,073,ΡΟΖ_251,232,228"
,,,,,,,,,,,,,"ΣΟΜΟΝ_246,134,128"
,,,,,,,,,,,,,"ΒΕΡΑΜΑΝ_125,246,206,ΚΟΚΚΙΝΟ_242,011,046,ΚΟΥΦΕΤΙ_255,174,221,ΛΕΜΟΝΙ_243,226,073"
,,,,,,,,,,,,,"ΚΟΚΚΙΝΟ_242,011,046,ΚΟΥΦΕΤΙ_255,174,221,ΛΕΜΟΝΙ_243,226,073,ΜΑΡΕΝ_021,021,053"
,,,,,,,,,,,,,"ΚΟΚΚΙΝΟ_242,011,046,ΚΟΥΦΕΤΙ_255,174,221,ΛΕΥΚΟ_255,255,255"
,,,,,,,,,,,,,"ΒΕΡΑΜΑΝ_125,246,206,ΛΕΥΚΟ_255,255,255,ΡΟΖ_251,232,228"
,,,,,,,,,,,,,"ΚΟΥΦΕΤΙ_255,174,221,ΛΕΜΟΝΙ_243,226,073,ΛΕΥΚΟ_255,255,255"
,,,,,,,,,,,,,"ΑΝΟΙΧΤΟ ΡΟΖ_251,232,228"
,,,,,,,,,,,,,"ΒΕΡΑΜΑΝ_125,246,206,ΚΟΥΦΕΤΙ_255,174,221,ΛΕΜΟΝΙ_243,226,073,ΛΕΥΚΟ_255,255,255"
,,,,,,,,,,,,,"ΚΙΤΡΙΝΟ_255,239,005,ΟΙΝΟΠΝΕΥΜΑΤΙ_084,165,205,ΣΟΜΟΝ_246,134,128"
,,,,,,,,,,,,,"ΕΚΡΟΥ_255,255,244,ΚΥΚΛΑΜΙΝΟ_251,181,181"
,,,,,,,,,,,,,"ΚΥΚΛΑΜΙΝΟ_251,181,181,ΛΕΜΟΝΙ_251,255,110,ΤΥΡΚΟΥΑΖ_000,225,246"
,,,,,,,,,,,,,"ΜΑΡΕΝ_021,021,053,ΣΟΜΟΝ_246,134,128"
,,,,,,,,,,,,,"ΛΕΜΟΝΙ_243,226,073,ΜΕΝΤΑ_023,191,157"
,,,,,,,,,,,,,"ΒΕΡΑΜΑΝ_125,246,206,ΣΟΜΟΝ_246,134,128,ΦΟΥΞ_255,038,147"
,,,,,,,,,,,,,"ΕΚΡΟΥ_255,255,244,ΚΟΥΦΕΤΙ_255,174,221,ΛΕΜΟΝΙ_251,255,110"
,,,,,,,,,,,,,"ΚΟΚΚΙΝΟ_242,011,046,ΦΟΥΞ_255,038,147"
,,,,,,,,,,,,,"ΚΟΡΑΛΛΙ_253,038,074,ΜΑΡΕΝ_021,021,053,ΦΡΑΟΥΛΑ_255,102,215"
,,,,,,,,,,,,,"ΚΙΤΡΙΝΟ_255,239,005,ΛΕΥΚΟ_255,255,255,ΡΟΖ_251,232,228"
,,,,,,,,,,,,,"ΛΕΥΚΟ_255,255,255,ΜΑΡΕΝ_021,021,053,ΜΕΛΑΝΖΕ_207,207,207"
,,,,,,,,,,,,,"ΒΕΡΑΜΑΝ_125,246,206,ΛΕΥΚΟ_255,255,255,ΣΟΜΟΝ_246,134,128"
,,,,,,,,,,,,,"ΚΟΚΚΙΝΟ_242,011,046,ΜΑΡΕΝ_046,095,255,ΜΠΛΕ_010,010,172"
,,,,,,,,,,,,,"ΜΑΡΕΝ_021,021,053,ΡΟΖ_251,232,228,ΦΡΑΟΥΛΑ_255,102,215"
,,,,,,,,,,,,,"ΜΕΛΑΝΖΕ_207,207,207,ΜΠΛΕ_010,010,172,ΡΟΖ_255,174,221"
,,,,,,,,,,,,,"ΚΟΚΚΙΝΟ_242,011,046,ΜΑΡΕΝ_021,021,053,ΦΡΑΟΥΛΑ_255,102,215"
,,,,,,,,,,,,,"ΒΕΡΑΜΑΝ_125,246,206,ΜΑΡΕΝ_021,021,052,ΡΟΖ_251,232,228"
,,,,,,,,,,,,,"ΜΑΡΕΝ_021,021,053,ΜΠΛΕ_010,010,172,ΦΡΑΟΥΛΑ_255,102,215"
,,,,,,,,,,,,,"ΒΕΡΑΜΑΝ_125,246,206,ΒΕΡΥΚΟΚΚΙ_255,138,087,ΛΕΜΟΝΙ_251,255,110"
,,,,,,,,,,,,,"ΛΕΜΟΝΙ_243,226,073,ΣΚΟΥΡΟ ΜΠΛΕ_046,095,255,ΦΟΥΞ_255,038,147"
,,,,,,,,,,,,,"ΛΕΜΟΝΙ_243,226,073,ΣΚΟΥΡΟ ΜΠΛΕ_037,045,095,ΦΟΥΞ_255,038,147"
,,,,,,,,,,,,,"ΛΕΜΟΝΙ_251,255,110,ΣΚΟΥΡΟ ΜΠΛΕ_037,045,095,ΦΟΥΞ_255,038,147"
,,,,,,,,,,,,,"ΚΟΚΚΙΝΟ_242,011,046,ΣΚΟΥΡΟ ΜΠΛΕ_037,045,095,ΦΡΑΟΥΛΑ_255,102,215"
,,,,,,,,,,,,,"ΚΟΡΑΛΛΙ_253,038,074,ΣΚΟΥΡΟ ΜΠΛΕ_037,045,095,ΦΟΥΞ_255,038,147"
,,,,,,,,,,,,,"ΚΟΥΦΕΤΙ_255,174,221,ΛΕΜΟΝΙ_243,226,073,ΜΑΡΕΝ_021,021,053"
,,,,,,,,,,,,,"ΛΕΜΟΝΙ_251,255,110"
,,,,,,,,,,,,,"ΣΟΜΟΝ_246,134,128,ΦΟΥΞ_255,038,147"
,,,,,,,,,,,,,"ΒΕΡΑΜΑΝ_125,246,206,ΛΕΜΟΝΙ_243,226,073,ΝΕΟΝ ΡΟΔΑΚΙΝΙ_255,172,143"
,,,,,,,,,,,,,"ΛΕΥΚΟ_255,255,255,ΣΟΜΟΝ_246,134,128"
,,,,,,,,,,,,,"ΜΑΥΡΟ_000,000,000,ΦΟΥΞ_255,038,147"
,,,,,,,,,,,,,"ΛΕΥΚΟ_255,255,255,ΦΡΑΟΥΛΑ_255,102,215"
,,,,,,,,,,,,,"ΜΕΝΤΑ_023,191,157,ΜΠΕΖ_189,174,136,ΡΟΖ_251,232,228"
,,,,,,,,,,,,,"ΑΝ.ΜΠΛΕ_123,181,255,ΛΕΥΚΟ_255,255,255,ΡΟΖ_251,232,228"
,,,,,,,,,,,,,"ΛΕΥΚΟ_255,255,255,ΡΟΖ_251,232,228,ΧΑΚΙ_102,113,087"
,,,,,,,,,,,,,"ΚΟΚΚΙΝΟ_242,011,046,ΜΑΡΕΝ_021,021,053,ΡΟΖ_251,232,228"
,,,,,,,,,,,,,"ΕΚΡΟΥ_255,255,244,ΜΑΥΡΟ_000,000,000"
,,,,,,,,,,,,,"ΛΕΜΟΝΙ_243,226,073,ΜΕΝΤΑ_023,191,157,ΣΟΜΟΝ_246,134,128"
,,,,,,,,,,,,,"ΚΟΚΚΙΝΟ_255,0,0,ΛΕΥΚΟ_239,239,239,ΜΑΥΡΟ_15,15,15"
,,,,,,,,,,,,,"ΛΕΥΚΟ_255,255,255,ΜΕΛΑΝΖΕ_207,207,207,ΦΟΥΞ_255,038,147"
,,,,,,,,,,,,,"ΜΑΡΕΝ_021,021,053,ΜΑΥΡΟ_000,000,000,ΜΠΛΕ_010,010,172"
,,,,,,,,,,,,,"ΛΕΥΚΟ_255,255,255,ΜΕΛΑΝΖΕ_207,207,207,ΜΕΝΤΑ_023,191,157"
,,,,,,,,,,,,,"ΚΟΡΑΛΛΙ_253,038,074,ΡΟΖ_251,232,228"
,,,,,,,,,,,,,"ΚΟΡΑΛΛΙ_253,038,074,ΜΑΡΕΝ_021,021,053,ΜΑΥΡΟ_000,000,000,ΡΟΖ_251,232,228"
,,,,,,,,,,,,,"ΚΟΥΦΕΤΙ_255,174,221,ΛΕΜΟΝΙ_243,226,073,ΛΕΥΚΟ_255,255,255,ΡΟΖ_251,232,228"
,,,,,,,,,,,,,"ΜΑΡΕΝ_021,021,053,ΜΑΥΡΟ_000,000,000,ΡΟΖ_251,232,228"
,,,,,,,,,,,,,"ΒΕΡΑΜΑΝ_125.246,206,ΚΟΚΚΙΝΟ_242,011,046,ΣΚΟΥΡΟ ΜΠΛΕ_037,045,095"
,,,,,,,,,,,,,"ΕΚΡΟΥ_255,255,244,ΦΟΥΞ_255,038,147"
,,,,,,,,,,,,,"ΓΚΡΙ_175,175,175,ΚΟΡΑΛΛΙ_253,038,074,ΧΑΚΙ_102,113,087"
,,,,,,,,,,,,,"ΒΕΡΥΚΟΚΚΙ_255,138,087,ΛΕΥΚΟ_255,255,255,ΝΕΟΝ ΡΟΖ_255,81,255"
,,,,,,,,,,,,,"ΒΕΡΑΜΑΝ_125,246,206,ΚΟΥΦΕΤΙ_255,174,221,ΛΕΜΟΝΙ_243,226,073,ΜΑΡΕΝ_021,021,053"
,,,,,,,,,,,,,"ΚΟΚΚΙΝΟ_242,011,046,ΜΑΡΕΝ_021,021,053,ΦΟΥΞ_255,038,147"
,,,,,,,,,,,,,"ΛΕΜΟΝΙ_255,255,89,ΛΕΥΚΟ_239,239,239"
,,,,,,,,,,,,,"ΜΑΥΡΟ_15,15,15"
,,,,,,,,,,,,,"ΕΚΡΟΥ_255,255,244,ΜΑΡΕΝ_021,021,053,ΡΟΖ_251,232,228"
,,,,,,,,,,,,,"ΒΕΡΑΜΑΝ_084,233,198,ΚΟΥΦΕΤΙ_255,174,221"
,,,,,,,,,,,,,"ΑΝ.ΜΠΛΕ_6,61,121"
,,,,,,,,,,,,,"ΛΕΥΚΟ_255,255,255,ΜΠΛΕ_107,142,195"
,,,,,,,,,,,,,"ΒΕΡΑΜΑΝ_125,246,206,ΚΟΥΦΕΤΙ_255,174,221,ΛΕΜΟΝΙ_243,226,073,ΜΠΛΕ_107,142,195"
,,,,,,,,,,,,,"ΒΕΡΑΜΑΝ_0,206,206,ΚΟΚΚΙΝΟ_255,0,0,ΚΟΥΦΕΤΙ_255,196,225,ΜΑΡΕΝ_0,0,125"
,,,,,,,,,,,,,"ΜΑΥΡΟ_000,000,000,ΜΕΛΑΝΖΕ_207,207,207,ΡΟΖ_251,232,228"
,,,,,,,,,,,,,"ΚΟΡΑΛΛΙ_248,58,58,ΜΑΡΕΝ_0,0,125,ΜΑΥΡΟ_15,15,15"
,,,,,,,,,,,,,"ΚΟΡΑΛΛΙ_253,038,074,ΜΑΡΕΝ_021,021,052"
,,,,,,,,,,,,,"ΚΟΚΚΙΝΟ_242,011,046,ΡΟΖ_251,232,228"
,,,,,,,,,,,,,"ΒΕΡΑΜΑΝ_0,206,206,ΒΕΡΥΚΟΚΚΙ_255,176,98,ΚΟΥΦΕΤΙ_255,196,225,ΛΕΜΟΝΙ_255,255,89,ΛΕΥΚΟ_239,239,239,ΣΚΟΥΡΟ ΜΠΛΕ_0,0,140"
,,,,,,,,,,,,,"ΒΕΡΑΜΑΝ_125,246,206,ΚΟΥΦΕΤΙ_255,174,221,ΛΕΜΟΝΙ_243,226,073,ΛΕΥΚΟ_255,255,255,ΝΕΟΝ ΡΟΔΑΚΙΝΙ_255,172,143,ΡΟΖ_251,232,228,ΣΚΟΥΡΟ ΜΠΛΕ_037,045,095"
,,,,,,,,,,,,,"ΒΕΡΥΚΟΚΚΙ_255,138,087,ΚΟΚΚΙΝΟ_242,011,046,ΛΕΥΚΟ_255,255,255,ΜΑΡΕΝ_021,021,053,ΡΟΖ_251,232,228"
,,,,,,,,,,,,,"ΜΕΛΑΝΖΕ_207,207,207,ΡΟΖ_246,134,128"
,,,,,,,,,,,,,"ΜΕΛΑΝΖΕ_207,207,207,ΣΟΜΟΝ_246,134,128"
,,,,,,,,,,,,,"ΕΚΡΟΥ_255,255,244,ΚΟΥΦΕΤΙ_255,174,221"
,,,,,,,,,,,,,"ΑΣΗΜΙ_207,207,207"
,,,,,,,,,,,,,"ΚΥΚΛΑΜΙΝΟ_251,181,181,ΛΕΜΟΝΙ_243,226,073,ΤΥΡΚΟΥΑΖ_000,225,246"
,,,,,,,,,,,,,"ΕΚΡΟΥ_255,255,244,ΜΕΛΑΝΖΕ_207,207,207,ΡΟΖ_251,232,228"
,,,,,,,,,,,,,"ΕΚΡΟΥ_255,255244"
,,,,,,,,,,,,,"ΕΚΡΟΥ_255,253,242,ΛΕΥΚΟ_239,239,239,ΣΟΜΟΝ_255,166,166"
,,,,,,,,,,,,,"ΕΚΡΟΥ_255,255,244,ΚΟΡΑΛΛΙ_253,038,074,ΛΕΥΚΟ_255,255,255"
,,,,,,,,,,,,,"ΒΕΡΑΜΑΝ_125,246,206,ΛΕΥΚΟ_255,255,255,ΡΟΖ_255,174,221"
,,,,,,,,,,,,,"ΛΕΥΚΟ_255,255,255,ΡΟΔΑΚΙΝΙ_255,138,087,ΦΟΥΞ_255,038,147,ΦΥΣΤΙΚΙ_084,233,198"
,,,,,,,,,,,,,"ΒΕΡΑΜΑΝ_125,246,206,ΚΟΥΦΕΤΙ_255,174,221,ΛΕΜΟΝΙ_243,226,073,ΛΕΥΚΟ_255,255,255,ΡΟΖ_251,232,228"
,,,,,,,,,,,,,"ΒΕΡΑΜΑΝ_125,246,206,ΚΟΚΚΙΝΟ_242,011,046,ΚΟΥΦΕΤΙ_255,174,221,ΛΕΜΟΝΙ_243,226,073,ΛΕΥΚΟ_255,255,255"
,,,,,,,,,,,,,"ΚΥΚΛΑΜΙΝΟ_251,181,181"
,,,,,,,,,,,,,"ΑΚΟΥΑ_084,165,205,ΛΕΥΚΟ_255,255,255"
,,,,,,,,,,,,,"ΜΕΛΑΝΖΕ_207,207,207,ΡΟΖ_251,232,228"
,,,,,,,,,,,,,"ΛΕΥΚΟ_018,018,018,ΡΟΖ_251,232,228"
,,,,,,,,,,,,,"ΜΑΡΕΝ_021,021,053,ΜΑΥΡΟ_000,000,000,ΦΟΥΞ_255,038,147"
,,,,,,,,,,,,,"ΜΑΥΡΟ_000,000,000,ΤΥΡΚΟΥΑΖ_000,225,246,ΦΟΥΞ_255,038,147"
,,,,,,,,,,,,,"ΣΚΟΥΡΟ ΜΠΛΕ_037,045,095,ΦΟΥΞ_255,038,147"
,,,,,,,,,,,,,"ΜΑΡΕΝ_021,021,053,ΜΑΥΡΟ_000,000,000,ΧΑΚΙ_102,113,087"
,,,,,,,,,,,,,"ΑΝΘΡΑΚΙ_039,039,039,ΜΑΡΕΝ_021,021,053,ΧΑΚΙ_102,113,087"
,,,,,,,,,,,,,"ΒΕΡΑΜΑΝ_125,246,206,ΕΚΡΟΥ_255,255,244,ΚΟΥΦΕΤΙ_255,174,221"
,,,,,,,,,,,,,"ΚΟΡΑΛΛΙ_253,038,074,ΜΑΥΡΟ_000,000,000,ΜΠΛΕ_010,010,172"
,,,,,,,,,,,,,"ΜΑΥΡΟ_000,000,000,ΜΠΛΕ_010,010,172,ΦΟΥΞ_255,038,147"
,,,,,,,,,,,,,"ΚΟΡΑΛΛΙ_253,038,074,ΚΟΥΦΕΤΙ_255,174,221,ΤΥΡΚΟΥΑΖ_000,225,246"
,,,,,,,,,,,,,"ΜΑΥΡΟ_000,000,000,ΣΚΟΥΡΟ ΜΠΛΕ_037,045,095,ΦΟΥΞ_255,038,147"
,,,,,,,,,,,,,"ΜΑΥΡΟ_000,000,000,ΣΚΟΥΡΟ ΜΠΛΕ_046,095,255,ΦΟΥΞ_255,038,147"
,,,,,,,,,,,,,"ΛΕΥΚΟ_255,255,255,ΜΕΛΑΝΖΕ_207,207,207,ΡΟΖ_251,232,228"
,,,,,,,,,,,,,"ΒΕΡΑΜΑΝ_125,246,206,ΣΚΟΥΡΟ ΜΠΛΕ_046,095,255,ΦΟΥΞ_255,038,147"
,,,,,,,,,,,,,"ΒΕΡΑΜΑΝ_125,246,206,ΜΑΡΕΝ_021,021,053,ΦΟΥΞ_255,038,147"
,,,,,,,,,,,,,"ΚΟΥΦΕΤΙ_255,174,221,ΜΑΥΡΟ_000,000,000"
,,,,,,,,,,,,,"ΒΕΡΑΜΑΝ_125,246,206,ΕΚΡΟΥ_255,255,244,ΚΙΤΡΙΝΟ_255,239,005,ΜΕΛΑΝΖΕ_207,207,207,ΦΟΥΞ_255,038,147"
,,,,,,,,,,,,,"ΜΕΝΤΑ_023,191,157,ΜΠΛΕ_010,010,172"
,,,,,,,,,,,,,"ΛΕΜΟΝΙ_243,226,073,ΝΕΟΝ ΡΟΔΑΚΙΝΙ_255,172,143"
,,,,,,,,,,,,,"ΚΟΡΑΛΛΙ_253,038,074"
,,,,,,,,,,,,,"ΚΟΥΦΕΤΙ_255,174,221,ΛΕΜΟΝΙ_243,226,073,ΤΥΡΚΟΥΑΖ_000,225,246"
,,,,,,,,,,,,,"ΚΟΥΦΕΤΙ_255,196,225,ΛΕΥΚΟ_239,239,239"
,,,,,,,,,,,,,"ΜΑΡΕΝ_021,021,053,ΝΕΟΝ ΡΟΔΑΚΙΝΙ_255,172,143,ΦΟΥΞ_255,038,147"
,,,,,,,,,,,,,"ΒΕΡΑΜΑΝ_125,246,206,ΚΟΥΦΕΤΙ_255,174,221,ΛΕΥΚΟ_255,255,255"
,,,,,,,,,,,,,"ΜΑΡΕΝ_021,021,053,ΜΕΛΑΝΖΕ_207,207,207,ΦΟΥΞ_255,038,147"
,,,,,,,,,,,,,"ΜΑΡΕΝ_021,021,053,ΜΑΥΡΟ_000,000,000,ΣΚΟΥΡΟ ΜΕΛΑΝΖΕ_139,139,139"
,,,,,,,,,,,,,"ΜΑΥΡΟ_000,000,000,ΣΚΟΥΡΟ ΜΕΛΑΝΖΕ_039,039,039"
,,,,,,,,,,,,,"ΜΕΝΤΑ_023,191,157,ΝΕΟΝ ΡΟΔΑΚΙΝΙ_255,172,143"
,,,,,,,,,,,,,"ΜΑΥΡΟ_000,000,000,ΣΚΟΥΡΟ ΜΕΛΑΝΖΕ_175,175,175"
,,,,,,,,,,,,,"ΜΕΝΤΑ_0,191,191,ΝΕΟΝ ΡΟΔΑΚΙΝΙ_244,157,62"
,,,,,,,,,,,,,"ΚΟΚΚΙΝΟ_242,011,046,ΠΟΡΤΟΚΑΛΙ_255,105,018,ΡΟΥΑ_046,095,255"
,,,,,,,,,,,,,"ΛΑΧΑΝΙ_209,245,084,ΜΑΡΕΝ_021,021,053"
,,,,,,,,,,,,,"ΚΟΚΚΙΝΟ_242,011,046,ΛΑΧΑΝΙ_209,245,084,ΤΥΡΚΟΥΑΖ_000,225,246"
,,,,,,,,,,,,,"ΜΑΡΕΝ_021,021,053,ΜΠΛΕ_010,010,172,ΤΥΡΚΟΥΑΖ_000,225,246"
,,,,,,,,,,,,,"ΚΟΚΚΙΝΟ_242,011,046,ΛΑΧΑΝΙ_209,245,084,ΜΠΛΕ_010,010,172"
,,,,,,,,,,,,,"ΜΠΛΕ_046,095,255,ΣΚΟΥΡΟ ΜΠΛΕ_037,045,095"
,,,,,,,,,,,,,"ΜΑΡΕΝ_0,0,125,ΜΠΛΕ_28,28,255,ΤΥΡΚΟΥΑΖ_0,213,213"
,,,,,,,,,,,,,"ΑΚΟΥΑ_084,165,205"
,,,,,,,,,,,,,"ΝΕΟΝ ΚΟΡΑΛΛΙ_255,114,113,ΝΕΟΝ ΡΟΖ_255,81,255"
,,,,,,,,,,,,,"ΣΚΟΥΡΟ ΜΠΛΕ_021,021,053"
,,,,,,,,,,,,,"ΟΙΝΟΠΝΕΥΜΑΤΙ_084,165,205"
,,,,,,,,,,,,,"ΚΟΚΚΙΝΟ_235,040,048"
,,,,,,,,,,,,,"ΠΟΡΤΟΚΑΛΙ_255,105,018,ΦΡΑΟΥΛΑ_255,102,215"
,,,,,,,,,,,,,"ΝΕΟΝ ΚΟΡΑΛΛΙ_,ΝΕΟΝ ΡΟΖ_255,81,255"
,,,,,,,,,,,,,"ΜΠΕΖ_189,174,136,ΣΚΟΥΡΟ ΜΠΛΕ_037,045,095"
,,,,,,,,,,,,,"ΜΠΕΖ_189,174,136,ΣΚΟΥΡΟ ΜΠΛΕ_046,095,255"
,,,,,,,,,,,,,"ΚΟΚΚΙΝΟ_242,011,046,ΜΑΡΕΝ_021,021,053,ΡΟΖ_255,174,221"
,,,,,,,,,,,,,"ΡΟΖ_255,128,192"
,,,,,,,,,,,,,"ΜΠΛΕ_28,28,255,ΣΟΜΟΝ_255,166,166"
,,,,,,,,,,,,,"ΕΚΡΟΥ_255,255,244,ΜΠΕΖ_189,174,136"
